colour	x	y	key	showSelected1	showSelected2	showSelected3	PANEL	fill
#00BFFF	0.5	0	1	0.01	1	OPART	2	#00BFFF
#00BFFF	1.5	0	1	0.01	2	OPART	2	#00BFFF
#00BFFF	2.5	0	1	0.01	3	OPART	2	#00BFFF
#00BFFF	3.5	0	1	0.01	4	OPART	2	#00BFFF
#00BFFF	4.5	0	1	0.01	5	OPART	2	#00BFFF
#00BFFF	5.5	0	1	0.01	6	OPART	2	#00BFFF
#00BFFF	6.5	0	1	0.01	7	OPART	2	#00BFFF
#00BFFF	7.5	0	1	0.01	8	OPART	2	#00BFFF
#00BFFF	8.5	0	1	0.01	9	OPART	2	#00BFFF
#00BFFF	9.5	0	1	0.01	10	OPART	2	#00BFFF
#00BFFF	10.5	0	1	0.01	11	OPART	2	#00BFFF
#00BFFF	11.5	0	1	0.01	12	OPART	2	#00BFFF
#00BFFF	12.5	0	1	0.01	13	OPART	2	#00BFFF
#00BFFF	13.5	0	1	0.01	14	OPART	2	#00BFFF
#00BFFF	14.5	0	1	0.01	15	OPART	2	#00BFFF
#00BFFF	15.5	0	1	0.01	16	OPART	2	#00BFFF
#00BFFF	16.5	0	1	0.01	17	OPART	2	#00BFFF
#00BFFF	17.5	0	1	0.01	18	OPART	2	#00BFFF
#00BFFF	18.5	0	1	0.01	19	OPART	2	#00BFFF
#00BFFF	19.5	0	1	0.01	20	OPART	2	#00BFFF
#00BFFF	20.5	0	1	0.01	21	OPART	2	#00BFFF
#00BFFF	21.5	0	1	0.01	22	OPART	2	#00BFFF
#00BFFF	22.5	0	1	0.01	23	OPART	2	#00BFFF
#00BFFF	23.5	0	1	0.01	24	OPART	2	#00BFFF
#00BFFF	24.5	0	1	0.01	25	OPART	2	#00BFFF
#00BFFF	25.5	0	1	0.01	26	OPART	2	#00BFFF
#00BFFF	26.5	0	1	0.01	27	OPART	2	#00BFFF
#00BFFF	27.5	0	1	0.01	28	OPART	2	#00BFFF
#00BFFF	28.5	0	1	0.01	29	OPART	2	#00BFFF
#00BFFF	29.5	0	1	0.01	30	OPART	2	#00BFFF
#00BFFF	30.5	0	1	0.01	31	OPART	2	#00BFFF
#00BFFF	31.5	0	1	0.01	32	OPART	2	#00BFFF
#00BFFF	32.5	0	1	0.01	33	OPART	2	#00BFFF
#00BFFF	33.5	0	1	0.01	34	OPART	2	#00BFFF
#00BFFF	34.5	0	1	0.01	35	OPART	2	#00BFFF
#00BFFF	35.5	0	1	0.01	36	OPART	2	#00BFFF
#00BFFF	36.5	0	1	0.01	37	OPART	2	#00BFFF
#00BFFF	37.5	0	1	0.01	38	OPART	2	#00BFFF
#00BFFF	38.5	0	1	0.01	39	OPART	2	#00BFFF
#00BFFF	39.5	0	1	0.01	40	OPART	2	#00BFFF
#00BFFF	39.5	0	1	0.01	41	OPART	2	#00BFFF
#00BFFF	41.5	0	1	0.01	42	OPART	2	#00BFFF
#00BFFF	42.5	0	1	0.01	43	OPART	2	#00BFFF
#00BFFF	43.5	0	1	0.01	44	OPART	2	#00BFFF
#00BFFF	44.5	0	1	0.01	45	OPART	2	#00BFFF
#00BFFF	45.5	0	1	0.01	46	OPART	2	#00BFFF
#00BFFF	46.5	0	1	0.01	47	OPART	2	#00BFFF
#00BFFF	47.5	0	1	0.01	48	OPART	2	#00BFFF
#00BFFF	47.5	0	1	0.01	49	OPART	2	#00BFFF
#00BFFF	49.5	0	1	0.01	50	OPART	2	#00BFFF
#00BFFF	50.5	0	1	0.01	51	OPART	2	#00BFFF
#00BFFF	51.5	0	1	0.01	52	OPART	2	#00BFFF
#00BFFF	52.5	0	1	0.01	53	OPART	2	#00BFFF
#00BFFF	53.5	0	1	0.01	54	OPART	2	#00BFFF
#00BFFF	54.5	0	1	0.01	55	OPART	2	#00BFFF
#00BFFF	55.5	0	1	0.01	56	OPART	2	#00BFFF
#00BFFF	56.5	0	1	0.01	57	OPART	2	#00BFFF
#00BFFF	57.5	0	1	0.01	58	OPART	2	#00BFFF
#00BFFF	58.5	0	1	0.01	59	OPART	2	#00BFFF
#00BFFF	59.5	0	1	0.01	60	OPART	2	#00BFFF
#00BFFF	60.5	0	1	0.01	61	OPART	2	#00BFFF
#00BFFF	61.5	0	1	0.01	62	OPART	2	#00BFFF
#00BFFF	62.5	0	1	0.01	63	OPART	2	#00BFFF
#00BFFF	63.5	0	1	0.01	64	OPART	2	#00BFFF
#00BFFF	64.5	0	1	0.01	65	OPART	2	#00BFFF
#00BFFF	65.5	0	1	0.01	66	OPART	2	#00BFFF
#00BFFF	66.5	0	1	0.01	67	OPART	2	#00BFFF
#00BFFF	67.5	0	1	0.01	68	OPART	2	#00BFFF
#00BFFF	68.5	0	1	0.01	69	OPART	2	#00BFFF
#00BFFF	69.5	0	1	0.01	70	OPART	2	#00BFFF
#00BFFF	69.5	0	1	0.01	71	OPART	2	#00BFFF
#00BFFF	71.5	0	1	0.01	72	OPART	2	#00BFFF
#00BFFF	72.5	0	1	0.01	73	OPART	2	#00BFFF
#00BFFF	73.5	0	1	0.01	74	OPART	2	#00BFFF
#00BFFF	74.5	0	1	0.01	75	OPART	2	#00BFFF
#00BFFF	75.5	0	1	0.01	76	OPART	2	#00BFFF
#00BFFF	76.5	0	1	0.01	77	OPART	2	#00BFFF
#00BFFF	77.5	0	1	0.01	78	OPART	2	#00BFFF
#00BFFF	78.5	0	1	0.01	79	OPART	2	#00BFFF
#00BFFF	79.5	0	1	0.01	80	OPART	2	#00BFFF
#00BFFF	80.5	0	1	0.01	81	OPART	2	#00BFFF
#00BFFF	81.5	0	1	0.01	82	OPART	2	#00BFFF
#00BFFF	82.5	0	1	0.01	83	OPART	2	#00BFFF
#00BFFF	83.5	0	1	0.01	84	OPART	2	#00BFFF
#00BFFF	84.5	0	1	0.01	85	OPART	2	#00BFFF
#00BFFF	85.5	0	1	0.01	86	OPART	2	#00BFFF
#00BFFF	86.5	0	1	0.01	87	OPART	2	#00BFFF
#00BFFF	87.5	0	1	0.01	88	OPART	2	#00BFFF
#00BFFF	87.5	0	1	0.01	89	OPART	2	#00BFFF
#00BFFF	89.5	0	1	0.01	90	OPART	2	#00BFFF
#00BFFF	90.5	0	1	0.01	91	OPART	2	#00BFFF
#00BFFF	90.5	0	1	0.01	92	OPART	2	#00BFFF
#00BFFF	92.5	0	1	0.01	93	OPART	2	#00BFFF
#00BFFF	93.5	0	1	0.01	94	OPART	2	#00BFFF
#00BFFF	94.5	0	1	0.01	95	OPART	2	#00BFFF
#00BFFF	95.5	0	1	0.01	96	OPART	2	#00BFFF
#00BFFF	96.5	0	1	0.01	97	OPART	2	#00BFFF
#00BFFF	97.5	0	1	0.01	98	OPART	2	#00BFFF
#00BFFF	98.5	0	1	0.01	99	OPART	2	#00BFFF
#00BFFF	99.5	0	1	0.01	100	OPART	2	#00BFFF
#00BFFF	0.5	0	1	0.1	1	OPART	2	#00BFFF
#00BFFF	1.5	0	1	0.1	2	OPART	2	#00BFFF
#00BFFF	2.5	0	1	0.1	3	OPART	2	#00BFFF
#00BFFF	3.5	0	1	0.1	4	OPART	2	#00BFFF
#00BFFF	4.5	0	1	0.1	5	OPART	2	#00BFFF
#00BFFF	4.5	0	1	0.1	6	OPART	2	#00BFFF
#00BFFF	6.5	0	1	0.1	7	OPART	2	#00BFFF
#00BFFF	7.5	0	1	0.1	8	OPART	2	#00BFFF
#00BFFF	8.5	0	1	0.1	9	OPART	2	#00BFFF
#00BFFF	9.5	0	1	0.1	10	OPART	2	#00BFFF
#00BFFF	10.5	0	1	0.1	11	OPART	2	#00BFFF
#00BFFF	11.5	0	1	0.1	12	OPART	2	#00BFFF
#00BFFF	12.5	0	1	0.1	13	OPART	2	#00BFFF
#00BFFF	13.5	0	1	0.1	14	OPART	2	#00BFFF
#00BFFF	14.5	0	1	0.1	15	OPART	2	#00BFFF
#00BFFF	15.5	0	1	0.1	16	OPART	2	#00BFFF
#00BFFF	16.5	0	1	0.1	17	OPART	2	#00BFFF
#00BFFF	17.5	0	1	0.1	18	OPART	2	#00BFFF
#00BFFF	18.5	0	1	0.1	19	OPART	2	#00BFFF
#00BFFF	19.5	0	1	0.1	20	OPART	2	#00BFFF
#00BFFF	20.5	0	1	0.1	21	OPART	2	#00BFFF
#00BFFF	21.5	0	1	0.1	22	OPART	2	#00BFFF
#00BFFF	22.5	0	1	0.1	23	OPART	2	#00BFFF
#00BFFF	22.5	0	1	0.1	24	OPART	2	#00BFFF
#00BFFF	24.5	0	1	0.1	25	OPART	2	#00BFFF
#00BFFF	25.5	0	1	0.1	26	OPART	2	#00BFFF
#00BFFF	26.5	0	1	0.1	27	OPART	2	#00BFFF
#00BFFF	27.5	0	1	0.1	28	OPART	2	#00BFFF
#00BFFF	28.5	0	1	0.1	29	OPART	2	#00BFFF
#00BFFF	29.5	0	1	0.1	30	OPART	2	#00BFFF
#00BFFF	28.5	0	1	0.1	31	OPART	2	#00BFFF
#00BFFF	28.5	0	1	0.1	32	OPART	2	#00BFFF
#00BFFF	32.5	0	1	0.1	33	OPART	2	#00BFFF
#00BFFF	33.5	0	1	0.1	34	OPART	2	#00BFFF
#00BFFF	34.5	0	1	0.1	35	OPART	2	#00BFFF
#00BFFF	34.5	0	1	0.1	36	OPART	2	#00BFFF
#00BFFF	36.5	0	1	0.1	37	OPART	2	#00BFFF
#00BFFF	37.5	0	1	0.1	38	OPART	2	#00BFFF
#00BFFF	37.5	0	1	0.1	39	OPART	2	#00BFFF
#00BFFF	38.5	0	1	0.1	40	OPART	2	#00BFFF
#00BFFF	38.5	0	1	0.1	41	OPART	2	#00BFFF
#00BFFF	41.5	0	1	0.1	42	OPART	2	#00BFFF
#00BFFF	42.5	0	1	0.1	43	OPART	2	#00BFFF
#00BFFF	43.5	0	1	0.1	44	OPART	2	#00BFFF
#00BFFF	44.5	0	1	0.1	45	OPART	2	#00BFFF
#00BFFF	45.5	0	1	0.1	46	OPART	2	#00BFFF
#00BFFF	46.5	0	1	0.1	47	OPART	2	#00BFFF
#00BFFF	46.5	0	1	0.1	48	OPART	2	#00BFFF
#00BFFF	46.5	0	1	0.1	49	OPART	2	#00BFFF
#00BFFF	49.5	0	1	0.1	50	OPART	2	#00BFFF
#00BFFF	50.5	0	1	0.1	51	OPART	2	#00BFFF
#00BFFF	51.5	0	1	0.1	52	OPART	2	#00BFFF
#00BFFF	52.5	0	1	0.1	53	OPART	2	#00BFFF
#00BFFF	53.5	0	1	0.1	54	OPART	2	#00BFFF
#00BFFF	54.5	0	1	0.1	55	OPART	2	#00BFFF
#00BFFF	55.5	0	1	0.1	56	OPART	2	#00BFFF
#00BFFF	56.5	0	1	0.1	57	OPART	2	#00BFFF
#00BFFF	57.5	0	1	0.1	58	OPART	2	#00BFFF
#00BFFF	57.5	0	1	0.1	59	OPART	2	#00BFFF
#00BFFF	59.5	0	1	0.1	60	OPART	2	#00BFFF
#00BFFF	60.5	0	1	0.1	61	OPART	2	#00BFFF
#00BFFF	61.5	0	1	0.1	62	OPART	2	#00BFFF
#00BFFF	62.5	0	1	0.1	63	OPART	2	#00BFFF
#00BFFF	63.5	0	1	0.1	64	OPART	2	#00BFFF
#00BFFF	63.5	0	1	0.1	65	OPART	2	#00BFFF
#00BFFF	65.5	0	1	0.1	66	OPART	2	#00BFFF
#00BFFF	66.5	0	1	0.1	67	OPART	2	#00BFFF
#00BFFF	67.5	0	1	0.1	68	OPART	2	#00BFFF
#00BFFF	68.5	0	1	0.1	69	OPART	2	#00BFFF
#00BFFF	69.5	0	1	0.1	70	OPART	2	#00BFFF
#00BFFF	69.5	0	1	0.1	71	OPART	2	#00BFFF
#00BFFF	71.5	0	1	0.1	72	OPART	2	#00BFFF
#00BFFF	72.5	0	1	0.1	73	OPART	2	#00BFFF
#00BFFF	71.5	0	1	0.1	74	OPART	2	#00BFFF
#00BFFF	71.5	0	1	0.1	75	OPART	2	#00BFFF
#00BFFF	75.5	0	1	0.1	76	OPART	2	#00BFFF
#00BFFF	76.5	0	1	0.1	77	OPART	2	#00BFFF
#00BFFF	77.5	0	1	0.1	78	OPART	2	#00BFFF
#00BFFF	77.5	0	1	0.1	79	OPART	2	#00BFFF
#00BFFF	79.5	0	1	0.1	80	OPART	2	#00BFFF
#00BFFF	80.5	0	1	0.1	81	OPART	2	#00BFFF
#00BFFF	81.5	0	1	0.1	82	OPART	2	#00BFFF
#00BFFF	82.5	0	1	0.1	83	OPART	2	#00BFFF
#00BFFF	83.5	0	1	0.1	84	OPART	2	#00BFFF
#00BFFF	84.5	0	1	0.1	85	OPART	2	#00BFFF
#00BFFF	85.5	0	1	0.1	86	OPART	2	#00BFFF
#00BFFF	86.5	0	1	0.1	87	OPART	2	#00BFFF
#00BFFF	86.5	0	1	0.1	88	OPART	2	#00BFFF
#00BFFF	86.5	0	1	0.1	89	OPART	2	#00BFFF
#00BFFF	89.5	0	1	0.1	90	OPART	2	#00BFFF
#00BFFF	90.5	0	1	0.1	91	OPART	2	#00BFFF
#00BFFF	90.5	0	1	0.1	92	OPART	2	#00BFFF
#00BFFF	92.5	0	1	0.1	93	OPART	2	#00BFFF
#00BFFF	92.5	0	1	0.1	94	OPART	2	#00BFFF
#00BFFF	92.5	0	1	0.1	95	OPART	2	#00BFFF
#00BFFF	92.5	0	1	0.1	96	OPART	2	#00BFFF
#00BFFF	96.5	0	1	0.1	97	OPART	2	#00BFFF
#00BFFF	97.5	0	1	0.1	98	OPART	2	#00BFFF
#00BFFF	98.5	0	1	0.1	99	OPART	2	#00BFFF
#00BFFF	98.5	0	1	0.1	100	OPART	2	#00BFFF
#00BFFF	0.5	0	1	1	1	OPART	2	#00BFFF
#00BFFF	0.5	0	1	1	2	OPART	2	#00BFFF
#00BFFF	2.5	0	1	1	3	OPART	2	#00BFFF
#00BFFF	3.5	0	1	1	4	OPART	2	#00BFFF
#00BFFF	3.5	0	1	1	5	OPART	2	#00BFFF
#00BFFF	3.5	0	1	1	6	OPART	2	#00BFFF
#00BFFF	4.5	0	1	1	7	OPART	2	#00BFFF
#00BFFF	4.5	0	1	1	8	OPART	2	#00BFFF
#00BFFF	8.5	0	1	1	9	OPART	2	#00BFFF
#00BFFF	9.5	0	1	1	10	OPART	2	#00BFFF
#00BFFF	9.5	0	1	1	11	OPART	2	#00BFFF
#00BFFF	9.5	0	1	1	12	OPART	2	#00BFFF
#00BFFF	9.5	0	1	1	13	OPART	2	#00BFFF
#00BFFF	12.5	0	1	1	14	OPART	2	#00BFFF
#00BFFF	14.5	0	1	1	15	OPART	2	#00BFFF
#00BFFF	15.5	0	1	1	16	OPART	2	#00BFFF
#00BFFF	16.5	0	1	1	17	OPART	2	#00BFFF
#00BFFF	16.5	0	1	1	18	OPART	2	#00BFFF
#00BFFF	16.5	0	1	1	19	OPART	2	#00BFFF
#00BFFF	16.5	0	1	1	20	OPART	2	#00BFFF
#00BFFF	20.5	0	1	1	21	OPART	2	#00BFFF
#00BFFF	21.5	0	1	1	22	OPART	2	#00BFFF
#00BFFF	22.5	0	1	1	23	OPART	2	#00BFFF
#00BFFF	22.5	0	1	1	24	OPART	2	#00BFFF
#00BFFF	24.5	0	1	1	25	OPART	2	#00BFFF
#00BFFF	25.5	0	1	1	26	OPART	2	#00BFFF
#00BFFF	26.5	0	1	1	27	OPART	2	#00BFFF
#00BFFF	26.5	0	1	1	28	OPART	2	#00BFFF
#00BFFF	26.5	0	1	1	29	OPART	2	#00BFFF
#00BFFF	26.5	0	1	1	30	OPART	2	#00BFFF
#00BFFF	26.5	0	1	1	31	OPART	2	#00BFFF
#00BFFF	26.5	0	1	1	32	OPART	2	#00BFFF
#00BFFF	26.5	0	1	1	33	OPART	2	#00BFFF
#00BFFF	26.5	0	1	1	34	OPART	2	#00BFFF
#00BFFF	33.5	0	1	1	35	OPART	2	#00BFFF
#00BFFF	33.5	0	1	1	36	OPART	2	#00BFFF
#00BFFF	36.5	0	1	1	37	OPART	2	#00BFFF
#00BFFF	33.5	0	1	1	38	OPART	2	#00BFFF
#00BFFF	33.5	0	1	1	39	OPART	2	#00BFFF
#00BFFF	33.5	0	1	1	40	OPART	2	#00BFFF
#00BFFF	33.5	0	1	1	41	OPART	2	#00BFFF
#00BFFF	41.5	0	1	1	42	OPART	2	#00BFFF
#00BFFF	33.5	0	1	1	43	OPART	2	#00BFFF
#00BFFF	43.5	0	1	1	44	OPART	2	#00BFFF
#00BFFF	43.5	0	1	1	45	OPART	2	#00BFFF
#00BFFF	43.5	0	1	1	46	OPART	2	#00BFFF
#00BFFF	46.5	0	1	1	47	OPART	2	#00BFFF
#00BFFF	46.5	0	1	1	48	OPART	2	#00BFFF
#00BFFF	46.5	0	1	1	49	OPART	2	#00BFFF
#00BFFF	46.5	0	1	1	50	OPART	2	#00BFFF
#00BFFF	46.5	0	1	1	51	OPART	2	#00BFFF
#00BFFF	51.5	0	1	1	52	OPART	2	#00BFFF
#00BFFF	52.5	0	1	1	53	OPART	2	#00BFFF
#00BFFF	53.5	0	1	1	54	OPART	2	#00BFFF
#00BFFF	54.5	0	1	1	55	OPART	2	#00BFFF
#00BFFF	54.5	0	1	1	56	OPART	2	#00BFFF
#00BFFF	54.5	0	1	1	57	OPART	2	#00BFFF
#00BFFF	56.5	0	1	1	58	OPART	2	#00BFFF
#00BFFF	57.5	0	1	1	59	OPART	2	#00BFFF
#00BFFF	57.5	0	1	1	60	OPART	2	#00BFFF
#00BFFF	60.5	0	1	1	61	OPART	2	#00BFFF
#00BFFF	61.5	0	1	1	62	OPART	2	#00BFFF
#00BFFF	62.5	0	1	1	63	OPART	2	#00BFFF
#00BFFF	62.5	0	1	1	64	OPART	2	#00BFFF
#00BFFF	62.5	0	1	1	65	OPART	2	#00BFFF
#00BFFF	62.5	0	1	1	66	OPART	2	#00BFFF
#00BFFF	66.5	0	1	1	67	OPART	2	#00BFFF
#00BFFF	65.5	0	1	1	68	OPART	2	#00BFFF
#00BFFF	67.5	0	1	1	69	OPART	2	#00BFFF
#00BFFF	67.5	0	1	1	70	OPART	2	#00BFFF
#00BFFF	67.5	0	1	1	71	OPART	2	#00BFFF
#00BFFF	67.5	0	1	1	72	OPART	2	#00BFFF
#00BFFF	67.5	0	1	1	73	OPART	2	#00BFFF
#00BFFF	67.5	0	1	1	74	OPART	2	#00BFFF
#00BFFF	67.5	0	1	1	75	OPART	2	#00BFFF
#00BFFF	75.5	0	1	1	76	OPART	2	#00BFFF
#00BFFF	76.5	0	1	1	77	OPART	2	#00BFFF
#00BFFF	76.5	0	1	1	78	OPART	2	#00BFFF
#00BFFF	76.5	0	1	1	79	OPART	2	#00BFFF
#00BFFF	79.5	0	1	1	80	OPART	2	#00BFFF
#00BFFF	80.5	0	1	1	81	OPART	2	#00BFFF
#00BFFF	81.5	0	1	1	82	OPART	2	#00BFFF
#00BFFF	81.5	0	1	1	83	OPART	2	#00BFFF
#00BFFF	81.5	0	1	1	84	OPART	2	#00BFFF
#00BFFF	81.5	0	1	1	85	OPART	2	#00BFFF
#00BFFF	85.5	0	1	1	86	OPART	2	#00BFFF
#00BFFF	86.5	0	1	1	87	OPART	2	#00BFFF
#00BFFF	86.5	0	1	1	88	OPART	2	#00BFFF
#00BFFF	86.5	0	1	1	89	OPART	2	#00BFFF
#00BFFF	86.5	0	1	1	90	OPART	2	#00BFFF
#00BFFF	90.5	0	1	1	91	OPART	2	#00BFFF
#00BFFF	90.5	0	1	1	92	OPART	2	#00BFFF
#00BFFF	92.5	0	1	1	93	OPART	2	#00BFFF
#00BFFF	92.5	0	1	1	94	OPART	2	#00BFFF
#00BFFF	92.5	0	1	1	95	OPART	2	#00BFFF
#00BFFF	92.5	0	1	1	96	OPART	2	#00BFFF
#00BFFF	96.5	0	1	1	97	OPART	2	#00BFFF
#00BFFF	97.5	0	1	1	98	OPART	2	#00BFFF
#00BFFF	97.5	0	1	1	99	OPART	2	#00BFFF
#00BFFF	97.5	0	1	1	100	OPART	2	#00BFFF
#00BFFF	0.5	0	1	10	1	OPART	2	#00BFFF
#00BFFF	0.5	0	1	10	2	OPART	2	#00BFFF
#00BFFF	0.5	0	1	10	3	OPART	2	#00BFFF
#00BFFF	0.5	0	1	10	4	OPART	2	#00BFFF
#00BFFF	0.5	0	1	10	5	OPART	2	#00BFFF
#00BFFF	0.5	0	1	10	6	OPART	2	#00BFFF
#00BFFF	0.5	0	1	10	7	OPART	2	#00BFFF
#00BFFF	0.5	0	1	10	8	OPART	2	#00BFFF
#00BFFF	0.5	0	1	10	9	OPART	2	#00BFFF
#00BFFF	0.5	0	1	10	10	OPART	2	#00BFFF
#00BFFF	0.5	0	1	10	11	OPART	2	#00BFFF
#00BFFF	0.5	0	1	10	12	OPART	2	#00BFFF
#00BFFF	0.5	0	1	10	13	OPART	2	#00BFFF
#00BFFF	0.5	0	1	10	14	OPART	2	#00BFFF
#00BFFF	0.5	0	1	10	15	OPART	2	#00BFFF
#00BFFF	0.5	0	1	10	16	OPART	2	#00BFFF
#00BFFF	0.5	0	1	10	17	OPART	2	#00BFFF
#00BFFF	0.5	0	1	10	18	OPART	2	#00BFFF
#00BFFF	0.5	0	1	10	19	OPART	2	#00BFFF
#00BFFF	0.5	0	1	10	20	OPART	2	#00BFFF
#00BFFF	0.5	0	1	10	21	OPART	2	#00BFFF
#00BFFF	0.5	0	1	10	22	OPART	2	#00BFFF
#00BFFF	0.5	0	1	10	23	OPART	2	#00BFFF
#00BFFF	0.5	0	1	10	24	OPART	2	#00BFFF
#00BFFF	0.5	0	1	10	25	OPART	2	#00BFFF
#00BFFF	25.5	0	1	10	26	OPART	2	#00BFFF
#00BFFF	25.5	0	1	10	27	OPART	2	#00BFFF
#00BFFF	25.5	0	1	10	28	OPART	2	#00BFFF
#00BFFF	25.5	0	1	10	29	OPART	2	#00BFFF
#00BFFF	25.5	0	1	10	30	OPART	2	#00BFFF
#00BFFF	25.5	0	1	10	31	OPART	2	#00BFFF
#00BFFF	25.5	0	1	10	32	OPART	2	#00BFFF
#00BFFF	25.5	0	1	10	33	OPART	2	#00BFFF
#00BFFF	25.5	0	1	10	34	OPART	2	#00BFFF
#00BFFF	25.5	0	1	10	35	OPART	2	#00BFFF
#00BFFF	25.5	0	1	10	36	OPART	2	#00BFFF
#00BFFF	25.5	0	1	10	37	OPART	2	#00BFFF
#00BFFF	25.5	0	1	10	38	OPART	2	#00BFFF
#00BFFF	25.5	0	1	10	39	OPART	2	#00BFFF
#00BFFF	25.5	0	1	10	40	OPART	2	#00BFFF
#00BFFF	25.5	0	1	10	41	OPART	2	#00BFFF
#00BFFF	25.5	0	1	10	42	OPART	2	#00BFFF
#00BFFF	25.5	0	1	10	43	OPART	2	#00BFFF
#00BFFF	25.5	0	1	10	44	OPART	2	#00BFFF
#00BFFF	25.5	0	1	10	45	OPART	2	#00BFFF
#00BFFF	25.5	0	1	10	46	OPART	2	#00BFFF
#00BFFF	25.5	0	1	10	47	OPART	2	#00BFFF
#00BFFF	25.5	0	1	10	48	OPART	2	#00BFFF
#00BFFF	25.5	0	1	10	49	OPART	2	#00BFFF
#00BFFF	25.5	0	1	10	50	OPART	2	#00BFFF
#00BFFF	25.5	0	1	10	51	OPART	2	#00BFFF
#00BFFF	51.5	0	1	10	52	OPART	2	#00BFFF
#00BFFF	25.5	0	1	10	53	OPART	2	#00BFFF
#00BFFF	51.5	0	1	10	54	OPART	2	#00BFFF
#00BFFF	25.5	0	1	10	55	OPART	2	#00BFFF
#00BFFF	25.5	0	1	10	56	OPART	2	#00BFFF
#00BFFF	25.5	0	1	10	57	OPART	2	#00BFFF
#00BFFF	43.5	0	1	10	58	OPART	2	#00BFFF
#00BFFF	43.5	0	1	10	59	OPART	2	#00BFFF
#00BFFF	51.5	0	1	10	60	OPART	2	#00BFFF
#00BFFF	43.5	0	1	10	61	OPART	2	#00BFFF
#00BFFF	51.5	0	1	10	62	OPART	2	#00BFFF
#00BFFF	51.5	0	1	10	63	OPART	2	#00BFFF
#00BFFF	51.5	0	1	10	64	OPART	2	#00BFFF
#00BFFF	51.5	0	1	10	65	OPART	2	#00BFFF
#00BFFF	43.5	0	1	10	66	OPART	2	#00BFFF
#00BFFF	43.5	0	1	10	67	OPART	2	#00BFFF
#00BFFF	43.5	0	1	10	68	OPART	2	#00BFFF
#00BFFF	43.5	0	1	10	69	OPART	2	#00BFFF
#00BFFF	43.5	0	1	10	70	OPART	2	#00BFFF
#00BFFF	43.5	0	1	10	71	OPART	2	#00BFFF
#00BFFF	43.5	0	1	10	72	OPART	2	#00BFFF
#00BFFF	43.5	0	1	10	73	OPART	2	#00BFFF
#00BFFF	43.5	0	1	10	74	OPART	2	#00BFFF
#00BFFF	43.5	0	1	10	75	OPART	2	#00BFFF
#00BFFF	75.5	0	1	10	76	OPART	2	#00BFFF
#00BFFF	75.5	0	1	10	77	OPART	2	#00BFFF
#00BFFF	75.5	0	1	10	78	OPART	2	#00BFFF
#00BFFF	75.5	0	1	10	79	OPART	2	#00BFFF
#00BFFF	75.5	0	1	10	80	OPART	2	#00BFFF
#00BFFF	75.5	0	1	10	81	OPART	2	#00BFFF
#00BFFF	75.5	0	1	10	82	OPART	2	#00BFFF
#00BFFF	75.5	0	1	10	83	OPART	2	#00BFFF
#00BFFF	75.5	0	1	10	84	OPART	2	#00BFFF
#00BFFF	75.5	0	1	10	85	OPART	2	#00BFFF
#00BFFF	85.5	0	1	10	86	OPART	2	#00BFFF
#00BFFF	86.5	0	1	10	87	OPART	2	#00BFFF
#00BFFF	86.5	0	1	10	88	OPART	2	#00BFFF
#00BFFF	86.5	0	1	10	89	OPART	2	#00BFFF
#00BFFF	86.5	0	1	10	90	OPART	2	#00BFFF
#00BFFF	86.5	0	1	10	91	OPART	2	#00BFFF
#00BFFF	86.5	0	1	10	92	OPART	2	#00BFFF
#00BFFF	86.5	0	1	10	93	OPART	2	#00BFFF
#00BFFF	86.5	0	1	10	94	OPART	2	#00BFFF
#00BFFF	86.5	0	1	10	95	OPART	2	#00BFFF
#00BFFF	86.5	0	1	10	96	OPART	2	#00BFFF
#00BFFF	86.5	0	1	10	97	OPART	2	#00BFFF
#00BFFF	86.5	0	1	10	98	OPART	2	#00BFFF
#00BFFF	86.5	0	1	10	99	OPART	2	#00BFFF
#00BFFF	86.5	0	1	10	100	OPART	2	#00BFFF
#00BFFF	0.5	0	1	100	1	OPART	2	#00BFFF
#00BFFF	0.5	0	1	100	2	OPART	2	#00BFFF
#00BFFF	0.5	0	1	100	3	OPART	2	#00BFFF
#00BFFF	0.5	0	1	100	4	OPART	2	#00BFFF
#00BFFF	0.5	0	1	100	5	OPART	2	#00BFFF
#00BFFF	0.5	0	1	100	6	OPART	2	#00BFFF
#00BFFF	0.5	0	1	100	7	OPART	2	#00BFFF
#00BFFF	0.5	0	1	100	8	OPART	2	#00BFFF
#00BFFF	0.5	0	1	100	9	OPART	2	#00BFFF
#00BFFF	0.5	0	1	100	10	OPART	2	#00BFFF
#00BFFF	0.5	0	1	100	11	OPART	2	#00BFFF
#00BFFF	0.5	0	1	100	12	OPART	2	#00BFFF
#00BFFF	0.5	0	1	100	13	OPART	2	#00BFFF
#00BFFF	0.5	0	1	100	14	OPART	2	#00BFFF
#00BFFF	0.5	0	1	100	15	OPART	2	#00BFFF
#00BFFF	0.5	0	1	100	16	OPART	2	#00BFFF
#00BFFF	0.5	0	1	100	17	OPART	2	#00BFFF
#00BFFF	0.5	0	1	100	18	OPART	2	#00BFFF
#00BFFF	0.5	0	1	100	19	OPART	2	#00BFFF
#00BFFF	0.5	0	1	100	20	OPART	2	#00BFFF
#00BFFF	0.5	0	1	100	21	OPART	2	#00BFFF
#00BFFF	0.5	0	1	100	22	OPART	2	#00BFFF
#00BFFF	0.5	0	1	100	23	OPART	2	#00BFFF
#00BFFF	0.5	0	1	100	24	OPART	2	#00BFFF
#00BFFF	0.5	0	1	100	25	OPART	2	#00BFFF
#00BFFF	0.5	0	1	100	26	OPART	2	#00BFFF
#00BFFF	0.5	0	1	100	27	OPART	2	#00BFFF
#00BFFF	0.5	0	1	100	28	OPART	2	#00BFFF
#00BFFF	0.5	0	1	100	29	OPART	2	#00BFFF
#00BFFF	0.5	0	1	100	30	OPART	2	#00BFFF
#00BFFF	0.5	0	1	100	31	OPART	2	#00BFFF
#00BFFF	0.5	0	1	100	32	OPART	2	#00BFFF
#00BFFF	0.5	0	1	100	33	OPART	2	#00BFFF
#00BFFF	0.5	0	1	100	34	OPART	2	#00BFFF
#00BFFF	0.5	0	1	100	35	OPART	2	#00BFFF
#00BFFF	0.5	0	1	100	36	OPART	2	#00BFFF
#00BFFF	25.5	0	1	100	37	OPART	2	#00BFFF
#00BFFF	25.5	0	1	100	38	OPART	2	#00BFFF
#00BFFF	25.5	0	1	100	39	OPART	2	#00BFFF
#00BFFF	25.5	0	1	100	40	OPART	2	#00BFFF
#00BFFF	25.5	0	1	100	41	OPART	2	#00BFFF
#00BFFF	25.5	0	1	100	42	OPART	2	#00BFFF
#00BFFF	25.5	0	1	100	43	OPART	2	#00BFFF
#00BFFF	25.5	0	1	100	44	OPART	2	#00BFFF
#00BFFF	25.5	0	1	100	45	OPART	2	#00BFFF
#00BFFF	25.5	0	1	100	46	OPART	2	#00BFFF
#00BFFF	25.5	0	1	100	47	OPART	2	#00BFFF
#00BFFF	25.5	0	1	100	48	OPART	2	#00BFFF
#00BFFF	25.5	0	1	100	49	OPART	2	#00BFFF
#00BFFF	25.5	0	1	100	50	OPART	2	#00BFFF
#00BFFF	25.5	0	1	100	51	OPART	2	#00BFFF
#00BFFF	25.5	0	1	100	52	OPART	2	#00BFFF
#00BFFF	25.5	0	1	100	53	OPART	2	#00BFFF
#00BFFF	25.5	0	1	100	54	OPART	2	#00BFFF
#00BFFF	25.5	0	1	100	55	OPART	2	#00BFFF
#00BFFF	25.5	0	1	100	56	OPART	2	#00BFFF
#00BFFF	25.5	0	1	100	57	OPART	2	#00BFFF
#00BFFF	25.5	0	1	100	58	OPART	2	#00BFFF
#00BFFF	25.5	0	1	100	59	OPART	2	#00BFFF
#00BFFF	25.5	0	1	100	60	OPART	2	#00BFFF
#00BFFF	25.5	0	1	100	61	OPART	2	#00BFFF
#00BFFF	25.5	0	1	100	62	OPART	2	#00BFFF
#00BFFF	25.5	0	1	100	63	OPART	2	#00BFFF
#00BFFF	25.5	0	1	100	64	OPART	2	#00BFFF
#00BFFF	25.5	0	1	100	65	OPART	2	#00BFFF
#00BFFF	25.5	0	1	100	66	OPART	2	#00BFFF
#00BFFF	25.5	0	1	100	67	OPART	2	#00BFFF
#00BFFF	25.5	0	1	100	68	OPART	2	#00BFFF
#00BFFF	25.5	0	1	100	69	OPART	2	#00BFFF
#00BFFF	25.5	0	1	100	70	OPART	2	#00BFFF
#00BFFF	25.5	0	1	100	71	OPART	2	#00BFFF
#00BFFF	25.5	0	1	100	72	OPART	2	#00BFFF
#00BFFF	25.5	0	1	100	73	OPART	2	#00BFFF
#00BFFF	25.5	0	1	100	74	OPART	2	#00BFFF
#00BFFF	25.5	0	1	100	75	OPART	2	#00BFFF
#00BFFF	25.5	0	1	100	76	OPART	2	#00BFFF
#00BFFF	25.5	0	1	100	77	OPART	2	#00BFFF
#00BFFF	25.5	0	1	100	78	OPART	2	#00BFFF
#00BFFF	25.5	0	1	100	79	OPART	2	#00BFFF
#00BFFF	25.5	0	1	100	80	OPART	2	#00BFFF
#00BFFF	25.5	0	1	100	81	OPART	2	#00BFFF
#00BFFF	25.5	0	1	100	82	OPART	2	#00BFFF
#00BFFF	25.5	0	1	100	83	OPART	2	#00BFFF
#00BFFF	25.5	0	1	100	84	OPART	2	#00BFFF
#00BFFF	25.5	0	1	100	85	OPART	2	#00BFFF
#00BFFF	25.5	0	1	100	86	OPART	2	#00BFFF
#00BFFF	25.5	0	1	100	87	OPART	2	#00BFFF
#00BFFF	25.5	0	1	100	88	OPART	2	#00BFFF
#00BFFF	25.5	0	1	100	89	OPART	2	#00BFFF
#00BFFF	25.5	0	1	100	90	OPART	2	#00BFFF
#00BFFF	25.5	0	1	100	91	OPART	2	#00BFFF
#00BFFF	25.5	0	1	100	92	OPART	2	#00BFFF
#00BFFF	25.5	0	1	100	93	OPART	2	#00BFFF
#00BFFF	25.5	0	1	100	94	OPART	2	#00BFFF
#00BFFF	25.5	0	1	100	95	OPART	2	#00BFFF
#00BFFF	25.5	0	1	100	96	OPART	2	#00BFFF
#00BFFF	25.5	0	1	100	97	OPART	2	#00BFFF
#00BFFF	25.5	0	1	100	98	OPART	2	#00BFFF
#00BFFF	25.5	0	1	100	99	OPART	2	#00BFFF
#00BFFF	25.5	0	1	100	100	OPART	2	#00BFFF
#00BFFF	0.5	0	1	1000	1	OPART	2	#00BFFF
#00BFFF	0.5	0	1	1000	2	OPART	2	#00BFFF
#00BFFF	0.5	0	1	1000	3	OPART	2	#00BFFF
#00BFFF	0.5	0	1	1000	4	OPART	2	#00BFFF
#00BFFF	0.5	0	1	1000	5	OPART	2	#00BFFF
#00BFFF	0.5	0	1	1000	6	OPART	2	#00BFFF
#00BFFF	0.5	0	1	1000	7	OPART	2	#00BFFF
#00BFFF	0.5	0	1	1000	8	OPART	2	#00BFFF
#00BFFF	0.5	0	1	1000	9	OPART	2	#00BFFF
#00BFFF	0.5	0	1	1000	10	OPART	2	#00BFFF
#00BFFF	0.5	0	1	1000	11	OPART	2	#00BFFF
#00BFFF	0.5	0	1	1000	12	OPART	2	#00BFFF
#00BFFF	0.5	0	1	1000	13	OPART	2	#00BFFF
#00BFFF	0.5	0	1	1000	14	OPART	2	#00BFFF
#00BFFF	0.5	0	1	1000	15	OPART	2	#00BFFF
#00BFFF	0.5	0	1	1000	16	OPART	2	#00BFFF
#00BFFF	0.5	0	1	1000	17	OPART	2	#00BFFF
#00BFFF	0.5	0	1	1000	18	OPART	2	#00BFFF
#00BFFF	0.5	0	1	1000	19	OPART	2	#00BFFF
#00BFFF	0.5	0	1	1000	20	OPART	2	#00BFFF
#00BFFF	0.5	0	1	1000	21	OPART	2	#00BFFF
#00BFFF	0.5	0	1	1000	22	OPART	2	#00BFFF
#00BFFF	0.5	0	1	1000	23	OPART	2	#00BFFF
#00BFFF	0.5	0	1	1000	24	OPART	2	#00BFFF
#00BFFF	0.5	0	1	1000	25	OPART	2	#00BFFF
#00BFFF	0.5	0	1	1000	26	OPART	2	#00BFFF
#00BFFF	0.5	0	1	1000	27	OPART	2	#00BFFF
#00BFFF	0.5	0	1	1000	28	OPART	2	#00BFFF
#00BFFF	0.5	0	1	1000	29	OPART	2	#00BFFF
#00BFFF	0.5	0	1	1000	30	OPART	2	#00BFFF
#00BFFF	0.5	0	1	1000	31	OPART	2	#00BFFF
#00BFFF	0.5	0	1	1000	32	OPART	2	#00BFFF
#00BFFF	0.5	0	1	1000	33	OPART	2	#00BFFF
#00BFFF	0.5	0	1	1000	34	OPART	2	#00BFFF
#00BFFF	0.5	0	1	1000	35	OPART	2	#00BFFF
#00BFFF	0.5	0	1	1000	36	OPART	2	#00BFFF
#00BFFF	0.5	0	1	1000	37	OPART	2	#00BFFF
#00BFFF	0.5	0	1	1000	38	OPART	2	#00BFFF
#00BFFF	0.5	0	1	1000	39	OPART	2	#00BFFF
#00BFFF	0.5	0	1	1000	40	OPART	2	#00BFFF
#00BFFF	0.5	0	1	1000	41	OPART	2	#00BFFF
#00BFFF	0.5	0	1	1000	42	OPART	2	#00BFFF
#00BFFF	0.5	0	1	1000	43	OPART	2	#00BFFF
#00BFFF	0.5	0	1	1000	44	OPART	2	#00BFFF
#00BFFF	0.5	0	1	1000	45	OPART	2	#00BFFF
#00BFFF	0.5	0	1	1000	46	OPART	2	#00BFFF
#00BFFF	0.5	0	1	1000	47	OPART	2	#00BFFF
#00BFFF	0.5	0	1	1000	48	OPART	2	#00BFFF
#00BFFF	0.5	0	1	1000	49	OPART	2	#00BFFF
#00BFFF	0.5	0	1	1000	50	OPART	2	#00BFFF
#00BFFF	0.5	0	1	1000	51	OPART	2	#00BFFF
#00BFFF	0.5	0	1	1000	52	OPART	2	#00BFFF
#00BFFF	0.5	0	1	1000	53	OPART	2	#00BFFF
#00BFFF	0.5	0	1	1000	54	OPART	2	#00BFFF
#00BFFF	0.5	0	1	1000	55	OPART	2	#00BFFF
#00BFFF	0.5	0	1	1000	56	OPART	2	#00BFFF
#00BFFF	0.5	0	1	1000	57	OPART	2	#00BFFF
#00BFFF	0.5	0	1	1000	58	OPART	2	#00BFFF
#00BFFF	0.5	0	1	1000	59	OPART	2	#00BFFF
#00BFFF	0.5	0	1	1000	60	OPART	2	#00BFFF
#00BFFF	0.5	0	1	1000	61	OPART	2	#00BFFF
#00BFFF	0.5	0	1	1000	62	OPART	2	#00BFFF
#00BFFF	0.5	0	1	1000	63	OPART	2	#00BFFF
#00BFFF	0.5	0	1	1000	64	OPART	2	#00BFFF
#00BFFF	0.5	0	1	1000	65	OPART	2	#00BFFF
#00BFFF	0.5	0	1	1000	66	OPART	2	#00BFFF
#00BFFF	0.5	0	1	1000	67	OPART	2	#00BFFF
#00BFFF	0.5	0	1	1000	68	OPART	2	#00BFFF
#00BFFF	0.5	0	1	1000	69	OPART	2	#00BFFF
#00BFFF	0.5	0	1	1000	70	OPART	2	#00BFFF
#00BFFF	0.5	0	1	1000	71	OPART	2	#00BFFF
#00BFFF	0.5	0	1	1000	72	OPART	2	#00BFFF
#00BFFF	0.5	0	1	1000	73	OPART	2	#00BFFF
#00BFFF	0.5	0	1	1000	74	OPART	2	#00BFFF
#00BFFF	0.5	0	1	1000	75	OPART	2	#00BFFF
#00BFFF	0.5	0	1	1000	76	OPART	2	#00BFFF
#00BFFF	0.5	0	1	1000	77	OPART	2	#00BFFF
#00BFFF	0.5	0	1	1000	78	OPART	2	#00BFFF
#00BFFF	0.5	0	1	1000	79	OPART	2	#00BFFF
#00BFFF	0.5	0	1	1000	80	OPART	2	#00BFFF
#00BFFF	0.5	0	1	1000	81	OPART	2	#00BFFF
#00BFFF	0.5	0	1	1000	82	OPART	2	#00BFFF
#00BFFF	0.5	0	1	1000	83	OPART	2	#00BFFF
#00BFFF	0.5	0	1	1000	84	OPART	2	#00BFFF
#00BFFF	0.5	0	1	1000	85	OPART	2	#00BFFF
#00BFFF	0.5	0	1	1000	86	OPART	2	#00BFFF
#00BFFF	0.5	0	1	1000	87	OPART	2	#00BFFF
#00BFFF	0.5	0	1	1000	88	OPART	2	#00BFFF
#00BFFF	0.5	0	1	1000	89	OPART	2	#00BFFF
#00BFFF	0.5	0	1	1000	90	OPART	2	#00BFFF
#00BFFF	0.5	0	1	1000	91	OPART	2	#00BFFF
#00BFFF	0.5	0	1	1000	92	OPART	2	#00BFFF
#00BFFF	0.5	0	1	1000	93	OPART	2	#00BFFF
#00BFFF	0.5	0	1	1000	94	OPART	2	#00BFFF
#00BFFF	0.5	0	1	1000	95	OPART	2	#00BFFF
#00BFFF	0.5	0	1	1000	96	OPART	2	#00BFFF
#00BFFF	0.5	0	1	1000	97	OPART	2	#00BFFF
#00BFFF	0.5	0	1	1000	98	OPART	2	#00BFFF
#00BFFF	0.5	0	1	1000	99	OPART	2	#00BFFF
#00BFFF	0.5	0	1	1000	100	OPART	2	#00BFFF
